{"cameraMode":{"drawMode":0,"name":"Shaded","section":"Shading Mode"},"sceneLighting":false,"audioPlay":false,"sceneViewState":{"m_AlwaysRefresh":false,"showFog":true,"showSkybox":false,"showFlares":true,"showImageEffects":true,"showParticleSystems":true,"showVisualEffectGraphs":true,"m_FxEnabled":true},"in2DMode":false,"pivot":{"x":2.514570951461792e-8,"y":1.1920928955078126e-7,"z":0.00042855367064476013},"rotation":{"x":0.0035206980537623169,"y":0.9912847280502319,"z":-0.027078481391072274,"w":0.12889285385608674},"size":0.019833778962492944,"orthographic":false}